{"U@": 0.0, "@U": 1.2845938213631962, "u:": 1.09566020831964, "OI": 0.0, "O:": 0.8942738013394447, "o~": 0.0, "I@": 0.0, "i:": 1.4477287691010368, "eI": 1.395301252913478, "e@": 0.0, "e~": 0.0, "aU": 1.2438425261051003, "aI": 1.119005222569331, "A:": 0.0, "a~": 0.0, "3:": 0.0, "3`": 1.2475262159954386, "U": 0.7408844156911023, "u": 0.0, "Q": 1.3098352093583996, "I": 0.8344741385127382, "E": 1.021620991006456, "e": 0.0, "@": 0.0, "{": 1.1191203220677186, "6": 0.0, "V": 0.6205519041690066}